signature,file,startline,startcol,endline,endcol,properties
Lcom/android/appsearch/flags/CustomFeatureFlags;->appOpenEventIndexerEnabled()Z,out/soong/.intermediates/packages/modules/AppSearch/flags/appsearch_flags_java_lib/android_common/javac/srcjars/com/android/appsearch/flags/CustomFeatureFlags.java,20,1,20,21,
Lcom/android/appsearch/flags/CustomFeatureFlags;->appsIndexerEnabled()Z,out/soong/.intermediates/packages/modules/AppSearch/flags/appsearch_flags_java_lib/android_common/javac/srcjars/com/android/appsearch/flags/CustomFeatureFlags.java,27,1,27,21,
Lcom/android/appsearch/flags/CustomFeatureFlags;->enableAbstractSyntaxTrees()Z,out/soong/.intermediates/packages/modules/AppSearch/flags/appsearch_flags_java_lib/android_common/javac/srcjars/com/android/appsearch/flags/CustomFeatureFlags.java,34,1,34,21,
Lcom/android/appsearch/flags/CustomFeatureFlags;->enableAdditionalBuilderCopyConstructors()Z,out/soong/.intermediates/packages/modules/AppSearch/flags/appsearch_flags_java_lib/android_common/javac/srcjars/com/android/appsearch/flags/CustomFeatureFlags.java,41,1,41,21,
Lcom/android/appsearch/flags/CustomFeatureFlags;->enableAllPackageIndexingOnIndexerUpdate()Z,out/soong/.intermediates/packages/modules/AppSearch/flags/appsearch_flags_java_lib/android_common/javac/srcjars/com/android/appsearch/flags/CustomFeatureFlags.java,48,1,48,21,
Lcom/android/appsearch/flags/CustomFeatureFlags;->enableAppFunctionsSchemaParser()Z,out/soong/.intermediates/packages/modules/AppSearch/flags/appsearch_flags_java_lib/android_common/javac/srcjars/com/android/appsearch/flags/CustomFeatureFlags.java,55,1,55,21,
Lcom/android/appsearch/flags/CustomFeatureFlags;->enableAppOpenEventsIndexerCheckPriorAttempt()Z,out/soong/.intermediates/packages/modules/AppSearch/flags/appsearch_flags_java_lib/android_common/javac/srcjars/com/android/appsearch/flags/CustomFeatureFlags.java,62,1,62,21,
Lcom/android/appsearch/flags/CustomFeatureFlags;->enableAppSearchManageBlobFiles()Z,out/soong/.intermediates/packages/modules/AppSearch/flags/appsearch_flags_java_lib/android_common/javac/srcjars/com/android/appsearch/flags/CustomFeatureFlags.java,69,1,69,21,
Lcom/android/appsearch/flags/CustomFeatureFlags;->enableAppsIndexerCheckPriorAttempt()Z,out/soong/.intermediates/packages/modules/AppSearch/flags/appsearch_flags_java_lib/android_common/javac/srcjars/com/android/appsearch/flags/CustomFeatureFlags.java,76,1,76,21,
Lcom/android/appsearch/flags/CustomFeatureFlags;->enableAppsIndexerIncrementalPut()Z,out/soong/.intermediates/packages/modules/AppSearch/flags/appsearch_flags_java_lib/android_common/javac/srcjars/com/android/appsearch/flags/CustomFeatureFlags.java,83,1,83,21,
Lcom/android/appsearch/flags/CustomFeatureFlags;->enableBatchGet()Z,out/soong/.intermediates/packages/modules/AppSearch/flags/appsearch_flags_java_lib/android_common/javac/srcjars/com/android/appsearch/flags/CustomFeatureFlags.java,90,1,90,21,
Lcom/android/appsearch/flags/CustomFeatureFlags;->enableBatchPut()Z,out/soong/.intermediates/packages/modules/AppSearch/flags/appsearch_flags_java_lib/android_common/javac/srcjars/com/android/appsearch/flags/CustomFeatureFlags.java,97,1,97,21,
Lcom/android/appsearch/flags/CustomFeatureFlags;->enableBatchPutVisibilityDocuments()Z,out/soong/.intermediates/packages/modules/AppSearch/flags/appsearch_flags_java_lib/android_common/javac/srcjars/com/android/appsearch/flags/CustomFeatureFlags.java,104,1,104,21,
Lcom/android/appsearch/flags/CustomFeatureFlags;->enableBlobStore()Z,out/soong/.intermediates/packages/modules/AppSearch/flags/appsearch_flags_java_lib/android_common/javac/srcjars/com/android/appsearch/flags/CustomFeatureFlags.java,111,1,111,21,
Lcom/android/appsearch/flags/CustomFeatureFlags;->enableCalculateTimeSinceLastAttemptedOptimize()Z,out/soong/.intermediates/packages/modules/AppSearch/flags/appsearch_flags_java_lib/android_common/javac/srcjars/com/android/appsearch/flags/CustomFeatureFlags.java,118,1,118,21,
Lcom/android/appsearch/flags/CustomFeatureFlags;->enableCheckContactsIndexerDeltaTimestamps()Z,out/soong/.intermediates/packages/modules/AppSearch/flags/appsearch_flags_java_lib/android_common/javac/srcjars/com/android/appsearch/flags/CustomFeatureFlags.java,125,1,125,21,
Lcom/android/appsearch/flags/CustomFeatureFlags;->enableCheckContactsIndexerUpdateJobParams()Z,out/soong/.intermediates/packages/modules/AppSearch/flags/appsearch_flags_java_lib/android_common/javac/srcjars/com/android/appsearch/flags/CustomFeatureFlags.java,132,1,132,21,
Lcom/android/appsearch/flags/CustomFeatureFlags;->enableCompressionMemLevelOne()Z,out/soong/.intermediates/packages/modules/AppSearch/flags/appsearch_flags_java_lib/android_common/javac/srcjars/com/android/appsearch/flags/CustomFeatureFlags.java,139,1,139,21,
Lcom/android/appsearch/flags/CustomFeatureFlags;->enableCompressionThreshold()Z,out/soong/.intermediates/packages/modules/AppSearch/flags/appsearch_flags_java_lib/android_common/javac/srcjars/com/android/appsearch/flags/CustomFeatureFlags.java,146,1,146,21,
Lcom/android/appsearch/flags/CustomFeatureFlags;->enableContactsIndexFirstMiddleAndLastNames()Z,out/soong/.intermediates/packages/modules/AppSearch/flags/appsearch_flags_java_lib/android_common/javac/srcjars/com/android/appsearch/flags/CustomFeatureFlags.java,153,1,153,21,
Lcom/android/appsearch/flags/CustomFeatureFlags;->enableDatabaseScopedSchemaOperations()Z,out/soong/.intermediates/packages/modules/AppSearch/flags/appsearch_flags_java_lib/android_common/javac/srcjars/com/android/appsearch/flags/CustomFeatureFlags.java,160,1,160,21,
Lcom/android/appsearch/flags/CustomFeatureFlags;->enableDeletePropagationType()Z,out/soong/.intermediates/packages/modules/AppSearch/flags/appsearch_flags_java_lib/android_common/javac/srcjars/com/android/appsearch/flags/CustomFeatureFlags.java,167,1,167,21,
Lcom/android/appsearch/flags/CustomFeatureFlags;->enableDocumentLimiterReplaceTracking()Z,out/soong/.intermediates/packages/modules/AppSearch/flags/appsearch_flags_java_lib/android_common/javac/srcjars/com/android/appsearch/flags/CustomFeatureFlags.java,174,1,174,21,
Lcom/android/appsearch/flags/CustomFeatureFlags;->enableEmbeddingMatchInfo()Z,out/soong/.intermediates/packages/modules/AppSearch/flags/appsearch_flags_java_lib/android_common/javac/srcjars/com/android/appsearch/flags/CustomFeatureFlags.java,181,1,181,21,
Lcom/android/appsearch/flags/CustomFeatureFlags;->enableEnterpriseEmptyBatchResultFix()Z,out/soong/.intermediates/packages/modules/AppSearch/flags/appsearch_flags_java_lib/android_common/javac/srcjars/com/android/appsearch/flags/CustomFeatureFlags.java,188,1,188,21,
Lcom/android/appsearch/flags/CustomFeatureFlags;->enableEnterpriseGlobalSearchSession()Z,out/soong/.intermediates/packages/modules/AppSearch/flags/appsearch_flags_java_lib/android_common/javac/srcjars/com/android/appsearch/flags/CustomFeatureFlags.java,195,1,195,21,
Lcom/android/appsearch/flags/CustomFeatureFlags;->enableEnterpriseVisibleToConfig()Z,out/soong/.intermediates/packages/modules/AppSearch/flags/appsearch_flags_java_lib/android_common/javac/srcjars/com/android/appsearch/flags/CustomFeatureFlags.java,202,1,202,21,
Lcom/android/appsearch/flags/CustomFeatureFlags;->enableFourHourMinTimeOptimizeThreshold()Z,out/soong/.intermediates/packages/modules/AppSearch/flags/appsearch_flags_java_lib/android_common/javac/srcjars/com/android/appsearch/flags/CustomFeatureFlags.java,209,1,209,21,
Lcom/android/appsearch/flags/CustomFeatureFlags;->enableGenericDocumentBuilderHiddenMethods()Z,out/soong/.intermediates/packages/modules/AppSearch/flags/appsearch_flags_java_lib/android_common/javac/srcjars/com/android/appsearch/flags/CustomFeatureFlags.java,216,1,216,21,
Lcom/android/appsearch/flags/CustomFeatureFlags;->enableGenericDocumentCopyConstructor()Z,out/soong/.intermediates/packages/modules/AppSearch/flags/appsearch_flags_java_lib/android_common/javac/srcjars/com/android/appsearch/flags/CustomFeatureFlags.java,223,1,223,21,
Lcom/android/appsearch/flags/CustomFeatureFlags;->enableGenericDocumentOverIpc()Z,out/soong/.intermediates/packages/modules/AppSearch/flags/appsearch_flags_java_lib/android_common/javac/srcjars/com/android/appsearch/flags/CustomFeatureFlags.java,230,1,230,21,
Lcom/android/appsearch/flags/CustomFeatureFlags;->enableGetParentTypesAndIndexableNestedProperties()Z,out/soong/.intermediates/packages/modules/AppSearch/flags/appsearch_flags_java_lib/android_common/javac/srcjars/com/android/appsearch/flags/CustomFeatureFlags.java,237,1,237,21,
Lcom/android/appsearch/flags/CustomFeatureFlags;->enableGroupingTypePerSchema()Z,out/soong/.intermediates/packages/modules/AppSearch/flags/appsearch_flags_java_lib/android_common/javac/srcjars/com/android/appsearch/flags/CustomFeatureFlags.java,244,1,244,21,
Lcom/android/appsearch/flags/CustomFeatureFlags;->enableIndexerRunOnAppFunctionComponentChange()Z,out/soong/.intermediates/packages/modules/AppSearch/flags/appsearch_flags_java_lib/android_common/javac/srcjars/com/android/appsearch/flags/CustomFeatureFlags.java,251,1,251,21,
Lcom/android/appsearch/flags/CustomFeatureFlags;->enableIndexerRunOnOtaUpdate()Z,out/soong/.intermediates/packages/modules/AppSearch/flags/appsearch_flags_java_lib/android_common/javac/srcjars/com/android/appsearch/flags/CustomFeatureFlags.java,258,1,258,21,
Lcom/android/appsearch/flags/CustomFeatureFlags;->enableInformationalRankingExpressions()Z,out/soong/.intermediates/packages/modules/AppSearch/flags/appsearch_flags_java_lib/android_common/javac/srcjars/com/android/appsearch/flags/CustomFeatureFlags.java,265,1,265,21,
Lcom/android/appsearch/flags/CustomFeatureFlags;->enableInitializationRetriesBeforeReset()Z,out/soong/.intermediates/packages/modules/AppSearch/flags/appsearch_flags_java_lib/android_common/javac/srcjars/com/android/appsearch/flags/CustomFeatureFlags.java,272,1,272,21,
Lcom/android/appsearch/flags/CustomFeatureFlags;->enableIsolatedStorage()Z,out/soong/.intermediates/packages/modules/AppSearch/flags/appsearch_flags_java_lib/android_common/javac/srcjars/com/android/appsearch/flags/CustomFeatureFlags.java,279,1,279,21,
Lcom/android/appsearch/flags/CustomFeatureFlags;->enableListFilterHasPropertyFunction()Z,out/soong/.intermediates/packages/modules/AppSearch/flags/appsearch_flags_java_lib/android_common/javac/srcjars/com/android/appsearch/flags/CustomFeatureFlags.java,286,1,286,21,
Lcom/android/appsearch/flags/CustomFeatureFlags;->enableListFilterMatchScoreExpressionFunction()Z,out/soong/.intermediates/packages/modules/AppSearch/flags/appsearch_flags_java_lib/android_common/javac/srcjars/com/android/appsearch/flags/CustomFeatureFlags.java,293,1,293,21,
Lcom/android/appsearch/flags/CustomFeatureFlags;->enableMarkerFileForOptimize()Z,out/soong/.intermediates/packages/modules/AppSearch/flags/appsearch_flags_java_lib/android_common/javac/srcjars/com/android/appsearch/flags/CustomFeatureFlags.java,300,1,300,21,
Lcom/android/appsearch/flags/CustomFeatureFlags;->enableNewOptimizeStrategyForActiveResultStates()Z,out/soong/.intermediates/packages/modules/AppSearch/flags/appsearch_flags_java_lib/android_common/javac/srcjars/com/android/appsearch/flags/CustomFeatureFlags.java,307,1,307,21,
Lcom/android/appsearch/flags/CustomFeatureFlags;->enablePutDocumentsRequestAddTakenActions()Z,out/soong/.intermediates/packages/modules/AppSearch/flags/appsearch_flags_java_lib/android_common/javac/srcjars/com/android/appsearch/flags/CustomFeatureFlags.java,314,1,314,21,
Lcom/android/appsearch/flags/CustomFeatureFlags;->enableQualifiedIdJoinIndexV3()Z,out/soong/.intermediates/packages/modules/AppSearch/flags/appsearch_flags_java_lib/android_common/javac/srcjars/com/android/appsearch/flags/CustomFeatureFlags.java,321,1,321,21,
Lcom/android/appsearch/flags/CustomFeatureFlags;->enableQueryVisibilityDocuments()Z,out/soong/.intermediates/packages/modules/AppSearch/flags/appsearch_flags_java_lib/android_common/javac/srcjars/com/android/appsearch/flags/CustomFeatureFlags.java,328,1,328,21,
Lcom/android/appsearch/flags/CustomFeatureFlags;->enableRecoveryProofPersistence()Z,out/soong/.intermediates/packages/modules/AppSearch/flags/appsearch_flags_java_lib/android_common/javac/srcjars/com/android/appsearch/flags/CustomFeatureFlags.java,335,1,335,21,
Lcom/android/appsearch/flags/CustomFeatureFlags;->enableReleaseBackupSchemaFileIfOverlayPresent()Z,out/soong/.intermediates/packages/modules/AppSearch/flags/appsearch_flags_java_lib/android_common/javac/srcjars/com/android/appsearch/flags/CustomFeatureFlags.java,342,1,342,21,
Lcom/android/appsearch/flags/CustomFeatureFlags;->enableResultAborted()Z,out/soong/.intermediates/packages/modules/AppSearch/flags/appsearch_flags_java_lib/android_common/javac/srcjars/com/android/appsearch/flags/CustomFeatureFlags.java,349,1,349,21,
Lcom/android/appsearch/flags/CustomFeatureFlags;->enableResultAlreadyExists()Z,out/soong/.intermediates/packages/modules/AppSearch/flags/appsearch_flags_java_lib/android_common/javac/srcjars/com/android/appsearch/flags/CustomFeatureFlags.java,356,1,356,21,
Lcom/android/appsearch/flags/CustomFeatureFlags;->enableResultDeniedAndResultRateLimited()Z,out/soong/.intermediates/packages/modules/AppSearch/flags/appsearch_flags_java_lib/android_common/javac/srcjars/com/android/appsearch/flags/CustomFeatureFlags.java,363,1,363,21,
Lcom/android/appsearch/flags/CustomFeatureFlags;->enableSafeParcelable2()Z,out/soong/.intermediates/packages/modules/AppSearch/flags/appsearch_flags_java_lib/android_common/javac/srcjars/com/android/appsearch/flags/CustomFeatureFlags.java,370,1,370,21,
Lcom/android/appsearch/flags/CustomFeatureFlags;->enableSchemaDescription()Z,out/soong/.intermediates/packages/modules/AppSearch/flags/appsearch_flags_java_lib/android_common/javac/srcjars/com/android/appsearch/flags/CustomFeatureFlags.java,377,1,377,21,
Lcom/android/appsearch/flags/CustomFeatureFlags;->enableSchemaEmbeddingPropertyConfig()Z,out/soong/.intermediates/packages/modules/AppSearch/flags/appsearch_flags_java_lib/android_common/javac/srcjars/com/android/appsearch/flags/CustomFeatureFlags.java,384,1,384,21,
Lcom/android/appsearch/flags/CustomFeatureFlags;->enableSchemaEmbeddingQuantization()Z,out/soong/.intermediates/packages/modules/AppSearch/flags/appsearch_flags_java_lib/android_common/javac/srcjars/com/android/appsearch/flags/CustomFeatureFlags.java,391,1,391,21,
Lcom/android/appsearch/flags/CustomFeatureFlags;->enableScorableProperty()Z,out/soong/.intermediates/packages/modules/AppSearch/flags/appsearch_flags_java_lib/android_common/javac/srcjars/com/android/appsearch/flags/CustomFeatureFlags.java,398,1,398,21,
Lcom/android/appsearch/flags/CustomFeatureFlags;->enableSearchResultParentTypes()Z,out/soong/.intermediates/packages/modules/AppSearch/flags/appsearch_flags_java_lib/android_common/javac/srcjars/com/android/appsearch/flags/CustomFeatureFlags.java,405,1,405,21,
Lcom/android/appsearch/flags/CustomFeatureFlags;->enableSearchSpecFilterDocumentIds()Z,out/soong/.intermediates/packages/modules/AppSearch/flags/appsearch_flags_java_lib/android_common/javac/srcjars/com/android/appsearch/flags/CustomFeatureFlags.java,412,1,412,21,
Lcom/android/appsearch/flags/CustomFeatureFlags;->enableSearchSpecFilterProperties()Z,out/soong/.intermediates/packages/modules/AppSearch/flags/appsearch_flags_java_lib/android_common/javac/srcjars/com/android/appsearch/flags/CustomFeatureFlags.java,419,1,419,21,
Lcom/android/appsearch/flags/CustomFeatureFlags;->enableSearchSpecSearchStringParameters()Z,out/soong/.intermediates/packages/modules/AppSearch/flags/appsearch_flags_java_lib/android_common/javac/srcjars/com/android/appsearch/flags/CustomFeatureFlags.java,426,1,426,21,
Lcom/android/appsearch/flags/CustomFeatureFlags;->enableSearchSpecSetSearchSourceLogTag()Z,out/soong/.intermediates/packages/modules/AppSearch/flags/appsearch_flags_java_lib/android_common/javac/srcjars/com/android/appsearch/flags/CustomFeatureFlags.java,433,1,433,21,
Lcom/android/appsearch/flags/CustomFeatureFlags;->enableSetPubliclyVisibleSchema()Z,out/soong/.intermediates/packages/modules/AppSearch/flags/appsearch_flags_java_lib/android_common/javac/srcjars/com/android/appsearch/flags/CustomFeatureFlags.java,440,1,440,21,
Lcom/android/appsearch/flags/CustomFeatureFlags;->enableSetSchemaVisibleToConfigs()Z,out/soong/.intermediates/packages/modules/AppSearch/flags/appsearch_flags_java_lib/android_common/javac/srcjars/com/android/appsearch/flags/CustomFeatureFlags.java,447,1,447,21,
Lcom/android/appsearch/flags/CustomFeatureFlags;->enableSmallerDecompressionBufferSize()Z,out/soong/.intermediates/packages/modules/AppSearch/flags/appsearch_flags_java_lib/android_common/javac/srcjars/com/android/appsearch/flags/CustomFeatureFlags.java,454,1,454,21,
Lcom/android/appsearch/flags/CustomFeatureFlags;->enableSoftIndexRestoration()Z,out/soong/.intermediates/packages/modules/AppSearch/flags/appsearch_flags_java_lib/android_common/javac/srcjars/com/android/appsearch/flags/CustomFeatureFlags.java,461,1,461,21,
Lcom/android/appsearch/flags/CustomFeatureFlags;->enableStorageInfoCache()Z,out/soong/.intermediates/packages/modules/AppSearch/flags/appsearch_flags_java_lib/android_common/javac/srcjars/com/android/appsearch/flags/CustomFeatureFlags.java,468,1,468,21,
Lcom/android/appsearch/flags/CustomFeatureFlags;->enableStrictPageByteSizeLimit()Z,out/soong/.intermediates/packages/modules/AppSearch/flags/appsearch_flags_java_lib/android_common/javac/srcjars/com/android/appsearch/flags/CustomFeatureFlags.java,475,1,475,21,
Lcom/android/appsearch/flags/CustomFeatureFlags;->enableThrowExceptionForNativeNotFoundPageToken()Z,out/soong/.intermediates/packages/modules/AppSearch/flags/appsearch_flags_java_lib/android_common/javac/srcjars/com/android/appsearch/flags/CustomFeatureFlags.java,482,1,482,21,
Lcom/android/appsearch/flags/FeatureFlags;->appOpenEventIndexerEnabled()Z,out/soong/.intermediates/packages/modules/AppSearch/flags/appsearch_flags_java_lib/android_common/javac/srcjars/com/android/appsearch/flags/FeatureFlags.java,9,1,9,21,
Lcom/android/appsearch/flags/FeatureFlags;->appsIndexerEnabled()Z,out/soong/.intermediates/packages/modules/AppSearch/flags/appsearch_flags_java_lib/android_common/javac/srcjars/com/android/appsearch/flags/FeatureFlags.java,13,1,13,21,
Lcom/android/appsearch/flags/FeatureFlags;->enableAbstractSyntaxTrees()Z,out/soong/.intermediates/packages/modules/AppSearch/flags/appsearch_flags_java_lib/android_common/javac/srcjars/com/android/appsearch/flags/FeatureFlags.java,17,1,17,21,
Lcom/android/appsearch/flags/FeatureFlags;->enableAdditionalBuilderCopyConstructors()Z,out/soong/.intermediates/packages/modules/AppSearch/flags/appsearch_flags_java_lib/android_common/javac/srcjars/com/android/appsearch/flags/FeatureFlags.java,21,1,21,21,
Lcom/android/appsearch/flags/FeatureFlags;->enableAllPackageIndexingOnIndexerUpdate()Z,out/soong/.intermediates/packages/modules/AppSearch/flags/appsearch_flags_java_lib/android_common/javac/srcjars/com/android/appsearch/flags/FeatureFlags.java,25,1,25,21,
Lcom/android/appsearch/flags/FeatureFlags;->enableAppFunctionsSchemaParser()Z,out/soong/.intermediates/packages/modules/AppSearch/flags/appsearch_flags_java_lib/android_common/javac/srcjars/com/android/appsearch/flags/FeatureFlags.java,29,1,29,21,
Lcom/android/appsearch/flags/FeatureFlags;->enableAppOpenEventsIndexerCheckPriorAttempt()Z,out/soong/.intermediates/packages/modules/AppSearch/flags/appsearch_flags_java_lib/android_common/javac/srcjars/com/android/appsearch/flags/FeatureFlags.java,33,1,33,21,
Lcom/android/appsearch/flags/FeatureFlags;->enableAppSearchManageBlobFiles()Z,out/soong/.intermediates/packages/modules/AppSearch/flags/appsearch_flags_java_lib/android_common/javac/srcjars/com/android/appsearch/flags/FeatureFlags.java,37,1,37,21,
Lcom/android/appsearch/flags/FeatureFlags;->enableAppsIndexerCheckPriorAttempt()Z,out/soong/.intermediates/packages/modules/AppSearch/flags/appsearch_flags_java_lib/android_common/javac/srcjars/com/android/appsearch/flags/FeatureFlags.java,41,1,41,21,
Lcom/android/appsearch/flags/FeatureFlags;->enableAppsIndexerIncrementalPut()Z,out/soong/.intermediates/packages/modules/AppSearch/flags/appsearch_flags_java_lib/android_common/javac/srcjars/com/android/appsearch/flags/FeatureFlags.java,45,1,45,21,
Lcom/android/appsearch/flags/FeatureFlags;->enableBatchGet()Z,out/soong/.intermediates/packages/modules/AppSearch/flags/appsearch_flags_java_lib/android_common/javac/srcjars/com/android/appsearch/flags/FeatureFlags.java,49,1,49,21,
Lcom/android/appsearch/flags/FeatureFlags;->enableBatchPut()Z,out/soong/.intermediates/packages/modules/AppSearch/flags/appsearch_flags_java_lib/android_common/javac/srcjars/com/android/appsearch/flags/FeatureFlags.java,53,1,53,21,
Lcom/android/appsearch/flags/FeatureFlags;->enableBatchPutVisibilityDocuments()Z,out/soong/.intermediates/packages/modules/AppSearch/flags/appsearch_flags_java_lib/android_common/javac/srcjars/com/android/appsearch/flags/FeatureFlags.java,57,1,57,21,
Lcom/android/appsearch/flags/FeatureFlags;->enableBlobStore()Z,out/soong/.intermediates/packages/modules/AppSearch/flags/appsearch_flags_java_lib/android_common/javac/srcjars/com/android/appsearch/flags/FeatureFlags.java,61,1,61,21,
Lcom/android/appsearch/flags/FeatureFlags;->enableCalculateTimeSinceLastAttemptedOptimize()Z,out/soong/.intermediates/packages/modules/AppSearch/flags/appsearch_flags_java_lib/android_common/javac/srcjars/com/android/appsearch/flags/FeatureFlags.java,65,1,65,21,
Lcom/android/appsearch/flags/FeatureFlags;->enableCheckContactsIndexerDeltaTimestamps()Z,out/soong/.intermediates/packages/modules/AppSearch/flags/appsearch_flags_java_lib/android_common/javac/srcjars/com/android/appsearch/flags/FeatureFlags.java,69,1,69,21,
Lcom/android/appsearch/flags/FeatureFlags;->enableCheckContactsIndexerUpdateJobParams()Z,out/soong/.intermediates/packages/modules/AppSearch/flags/appsearch_flags_java_lib/android_common/javac/srcjars/com/android/appsearch/flags/FeatureFlags.java,73,1,73,21,
Lcom/android/appsearch/flags/FeatureFlags;->enableCompressionMemLevelOne()Z,out/soong/.intermediates/packages/modules/AppSearch/flags/appsearch_flags_java_lib/android_common/javac/srcjars/com/android/appsearch/flags/FeatureFlags.java,77,1,77,21,
Lcom/android/appsearch/flags/FeatureFlags;->enableCompressionThreshold()Z,out/soong/.intermediates/packages/modules/AppSearch/flags/appsearch_flags_java_lib/android_common/javac/srcjars/com/android/appsearch/flags/FeatureFlags.java,81,1,81,21,
Lcom/android/appsearch/flags/FeatureFlags;->enableContactsIndexFirstMiddleAndLastNames()Z,out/soong/.intermediates/packages/modules/AppSearch/flags/appsearch_flags_java_lib/android_common/javac/srcjars/com/android/appsearch/flags/FeatureFlags.java,85,1,85,21,
Lcom/android/appsearch/flags/FeatureFlags;->enableDatabaseScopedSchemaOperations()Z,out/soong/.intermediates/packages/modules/AppSearch/flags/appsearch_flags_java_lib/android_common/javac/srcjars/com/android/appsearch/flags/FeatureFlags.java,89,1,89,21,
Lcom/android/appsearch/flags/FeatureFlags;->enableDeletePropagationType()Z,out/soong/.intermediates/packages/modules/AppSearch/flags/appsearch_flags_java_lib/android_common/javac/srcjars/com/android/appsearch/flags/FeatureFlags.java,93,1,93,21,
Lcom/android/appsearch/flags/FeatureFlags;->enableDocumentLimiterReplaceTracking()Z,out/soong/.intermediates/packages/modules/AppSearch/flags/appsearch_flags_java_lib/android_common/javac/srcjars/com/android/appsearch/flags/FeatureFlags.java,97,1,97,21,
Lcom/android/appsearch/flags/FeatureFlags;->enableEmbeddingMatchInfo()Z,out/soong/.intermediates/packages/modules/AppSearch/flags/appsearch_flags_java_lib/android_common/javac/srcjars/com/android/appsearch/flags/FeatureFlags.java,101,1,101,21,
Lcom/android/appsearch/flags/FeatureFlags;->enableEnterpriseEmptyBatchResultFix()Z,out/soong/.intermediates/packages/modules/AppSearch/flags/appsearch_flags_java_lib/android_common/javac/srcjars/com/android/appsearch/flags/FeatureFlags.java,105,1,105,21,
Lcom/android/appsearch/flags/FeatureFlags;->enableEnterpriseGlobalSearchSession()Z,out/soong/.intermediates/packages/modules/AppSearch/flags/appsearch_flags_java_lib/android_common/javac/srcjars/com/android/appsearch/flags/FeatureFlags.java,109,1,109,21,
Lcom/android/appsearch/flags/FeatureFlags;->enableEnterpriseVisibleToConfig()Z,out/soong/.intermediates/packages/modules/AppSearch/flags/appsearch_flags_java_lib/android_common/javac/srcjars/com/android/appsearch/flags/FeatureFlags.java,113,1,113,21,
Lcom/android/appsearch/flags/FeatureFlags;->enableFourHourMinTimeOptimizeThreshold()Z,out/soong/.intermediates/packages/modules/AppSearch/flags/appsearch_flags_java_lib/android_common/javac/srcjars/com/android/appsearch/flags/FeatureFlags.java,117,1,117,21,
Lcom/android/appsearch/flags/FeatureFlags;->enableGenericDocumentBuilderHiddenMethods()Z,out/soong/.intermediates/packages/modules/AppSearch/flags/appsearch_flags_java_lib/android_common/javac/srcjars/com/android/appsearch/flags/FeatureFlags.java,121,1,121,21,
Lcom/android/appsearch/flags/FeatureFlags;->enableGenericDocumentCopyConstructor()Z,out/soong/.intermediates/packages/modules/AppSearch/flags/appsearch_flags_java_lib/android_common/javac/srcjars/com/android/appsearch/flags/FeatureFlags.java,125,1,125,21,
Lcom/android/appsearch/flags/FeatureFlags;->enableGenericDocumentOverIpc()Z,out/soong/.intermediates/packages/modules/AppSearch/flags/appsearch_flags_java_lib/android_common/javac/srcjars/com/android/appsearch/flags/FeatureFlags.java,129,1,129,21,
Lcom/android/appsearch/flags/FeatureFlags;->enableGetParentTypesAndIndexableNestedProperties()Z,out/soong/.intermediates/packages/modules/AppSearch/flags/appsearch_flags_java_lib/android_common/javac/srcjars/com/android/appsearch/flags/FeatureFlags.java,133,1,133,21,
Lcom/android/appsearch/flags/FeatureFlags;->enableGroupingTypePerSchema()Z,out/soong/.intermediates/packages/modules/AppSearch/flags/appsearch_flags_java_lib/android_common/javac/srcjars/com/android/appsearch/flags/FeatureFlags.java,137,1,137,21,
Lcom/android/appsearch/flags/FeatureFlags;->enableIndexerRunOnAppFunctionComponentChange()Z,out/soong/.intermediates/packages/modules/AppSearch/flags/appsearch_flags_java_lib/android_common/javac/srcjars/com/android/appsearch/flags/FeatureFlags.java,141,1,141,21,
Lcom/android/appsearch/flags/FeatureFlags;->enableIndexerRunOnOtaUpdate()Z,out/soong/.intermediates/packages/modules/AppSearch/flags/appsearch_flags_java_lib/android_common/javac/srcjars/com/android/appsearch/flags/FeatureFlags.java,145,1,145,21,
Lcom/android/appsearch/flags/FeatureFlags;->enableInformationalRankingExpressions()Z,out/soong/.intermediates/packages/modules/AppSearch/flags/appsearch_flags_java_lib/android_common/javac/srcjars/com/android/appsearch/flags/FeatureFlags.java,149,1,149,21,
Lcom/android/appsearch/flags/FeatureFlags;->enableInitializationRetriesBeforeReset()Z,out/soong/.intermediates/packages/modules/AppSearch/flags/appsearch_flags_java_lib/android_common/javac/srcjars/com/android/appsearch/flags/FeatureFlags.java,153,1,153,21,
Lcom/android/appsearch/flags/FeatureFlags;->enableIsolatedStorage()Z,out/soong/.intermediates/packages/modules/AppSearch/flags/appsearch_flags_java_lib/android_common/javac/srcjars/com/android/appsearch/flags/FeatureFlags.java,157,1,157,21,
Lcom/android/appsearch/flags/FeatureFlags;->enableListFilterHasPropertyFunction()Z,out/soong/.intermediates/packages/modules/AppSearch/flags/appsearch_flags_java_lib/android_common/javac/srcjars/com/android/appsearch/flags/FeatureFlags.java,161,1,161,21,
Lcom/android/appsearch/flags/FeatureFlags;->enableListFilterMatchScoreExpressionFunction()Z,out/soong/.intermediates/packages/modules/AppSearch/flags/appsearch_flags_java_lib/android_common/javac/srcjars/com/android/appsearch/flags/FeatureFlags.java,165,1,165,21,
Lcom/android/appsearch/flags/FeatureFlags;->enableMarkerFileForOptimize()Z,out/soong/.intermediates/packages/modules/AppSearch/flags/appsearch_flags_java_lib/android_common/javac/srcjars/com/android/appsearch/flags/FeatureFlags.java,169,1,169,21,
Lcom/android/appsearch/flags/FeatureFlags;->enableNewOptimizeStrategyForActiveResultStates()Z,out/soong/.intermediates/packages/modules/AppSearch/flags/appsearch_flags_java_lib/android_common/javac/srcjars/com/android/appsearch/flags/FeatureFlags.java,173,1,173,21,
Lcom/android/appsearch/flags/FeatureFlags;->enablePutDocumentsRequestAddTakenActions()Z,out/soong/.intermediates/packages/modules/AppSearch/flags/appsearch_flags_java_lib/android_common/javac/srcjars/com/android/appsearch/flags/FeatureFlags.java,177,1,177,21,
Lcom/android/appsearch/flags/FeatureFlags;->enableQualifiedIdJoinIndexV3()Z,out/soong/.intermediates/packages/modules/AppSearch/flags/appsearch_flags_java_lib/android_common/javac/srcjars/com/android/appsearch/flags/FeatureFlags.java,181,1,181,21,
Lcom/android/appsearch/flags/FeatureFlags;->enableQueryVisibilityDocuments()Z,out/soong/.intermediates/packages/modules/AppSearch/flags/appsearch_flags_java_lib/android_common/javac/srcjars/com/android/appsearch/flags/FeatureFlags.java,185,1,185,21,
Lcom/android/appsearch/flags/FeatureFlags;->enableRecoveryProofPersistence()Z,out/soong/.intermediates/packages/modules/AppSearch/flags/appsearch_flags_java_lib/android_common/javac/srcjars/com/android/appsearch/flags/FeatureFlags.java,189,1,189,21,
Lcom/android/appsearch/flags/FeatureFlags;->enableReleaseBackupSchemaFileIfOverlayPresent()Z,out/soong/.intermediates/packages/modules/AppSearch/flags/appsearch_flags_java_lib/android_common/javac/srcjars/com/android/appsearch/flags/FeatureFlags.java,193,1,193,21,
Lcom/android/appsearch/flags/FeatureFlags;->enableResultAborted()Z,out/soong/.intermediates/packages/modules/AppSearch/flags/appsearch_flags_java_lib/android_common/javac/srcjars/com/android/appsearch/flags/FeatureFlags.java,197,1,197,21,
Lcom/android/appsearch/flags/FeatureFlags;->enableResultAlreadyExists()Z,out/soong/.intermediates/packages/modules/AppSearch/flags/appsearch_flags_java_lib/android_common/javac/srcjars/com/android/appsearch/flags/FeatureFlags.java,201,1,201,21,
Lcom/android/appsearch/flags/FeatureFlags;->enableResultDeniedAndResultRateLimited()Z,out/soong/.intermediates/packages/modules/AppSearch/flags/appsearch_flags_java_lib/android_common/javac/srcjars/com/android/appsearch/flags/FeatureFlags.java,205,1,205,21,
Lcom/android/appsearch/flags/FeatureFlags;->enableSafeParcelable2()Z,out/soong/.intermediates/packages/modules/AppSearch/flags/appsearch_flags_java_lib/android_common/javac/srcjars/com/android/appsearch/flags/FeatureFlags.java,209,1,209,21,
Lcom/android/appsearch/flags/FeatureFlags;->enableSchemaDescription()Z,out/soong/.intermediates/packages/modules/AppSearch/flags/appsearch_flags_java_lib/android_common/javac/srcjars/com/android/appsearch/flags/FeatureFlags.java,213,1,213,21,
Lcom/android/appsearch/flags/FeatureFlags;->enableSchemaEmbeddingPropertyConfig()Z,out/soong/.intermediates/packages/modules/AppSearch/flags/appsearch_flags_java_lib/android_common/javac/srcjars/com/android/appsearch/flags/FeatureFlags.java,217,1,217,21,
Lcom/android/appsearch/flags/FeatureFlags;->enableSchemaEmbeddingQuantization()Z,out/soong/.intermediates/packages/modules/AppSearch/flags/appsearch_flags_java_lib/android_common/javac/srcjars/com/android/appsearch/flags/FeatureFlags.java,221,1,221,21,
Lcom/android/appsearch/flags/FeatureFlags;->enableScorableProperty()Z,out/soong/.intermediates/packages/modules/AppSearch/flags/appsearch_flags_java_lib/android_common/javac/srcjars/com/android/appsearch/flags/FeatureFlags.java,225,1,225,21,
Lcom/android/appsearch/flags/FeatureFlags;->enableSearchResultParentTypes()Z,out/soong/.intermediates/packages/modules/AppSearch/flags/appsearch_flags_java_lib/android_common/javac/srcjars/com/android/appsearch/flags/FeatureFlags.java,229,1,229,21,
Lcom/android/appsearch/flags/FeatureFlags;->enableSearchSpecFilterDocumentIds()Z,out/soong/.intermediates/packages/modules/AppSearch/flags/appsearch_flags_java_lib/android_common/javac/srcjars/com/android/appsearch/flags/FeatureFlags.java,233,1,233,21,
Lcom/android/appsearch/flags/FeatureFlags;->enableSearchSpecFilterProperties()Z,out/soong/.intermediates/packages/modules/AppSearch/flags/appsearch_flags_java_lib/android_common/javac/srcjars/com/android/appsearch/flags/FeatureFlags.java,237,1,237,21,
Lcom/android/appsearch/flags/FeatureFlags;->enableSearchSpecSearchStringParameters()Z,out/soong/.intermediates/packages/modules/AppSearch/flags/appsearch_flags_java_lib/android_common/javac/srcjars/com/android/appsearch/flags/FeatureFlags.java,241,1,241,21,
Lcom/android/appsearch/flags/FeatureFlags;->enableSearchSpecSetSearchSourceLogTag()Z,out/soong/.intermediates/packages/modules/AppSearch/flags/appsearch_flags_java_lib/android_common/javac/srcjars/com/android/appsearch/flags/FeatureFlags.java,245,1,245,21,
Lcom/android/appsearch/flags/FeatureFlags;->enableSetPubliclyVisibleSchema()Z,out/soong/.intermediates/packages/modules/AppSearch/flags/appsearch_flags_java_lib/android_common/javac/srcjars/com/android/appsearch/flags/FeatureFlags.java,249,1,249,21,
Lcom/android/appsearch/flags/FeatureFlags;->enableSetSchemaVisibleToConfigs()Z,out/soong/.intermediates/packages/modules/AppSearch/flags/appsearch_flags_java_lib/android_common/javac/srcjars/com/android/appsearch/flags/FeatureFlags.java,253,1,253,21,
Lcom/android/appsearch/flags/FeatureFlags;->enableSmallerDecompressionBufferSize()Z,out/soong/.intermediates/packages/modules/AppSearch/flags/appsearch_flags_java_lib/android_common/javac/srcjars/com/android/appsearch/flags/FeatureFlags.java,257,1,257,21,
Lcom/android/appsearch/flags/FeatureFlags;->enableSoftIndexRestoration()Z,out/soong/.intermediates/packages/modules/AppSearch/flags/appsearch_flags_java_lib/android_common/javac/srcjars/com/android/appsearch/flags/FeatureFlags.java,261,1,261,21,
Lcom/android/appsearch/flags/FeatureFlags;->enableStorageInfoCache()Z,out/soong/.intermediates/packages/modules/AppSearch/flags/appsearch_flags_java_lib/android_common/javac/srcjars/com/android/appsearch/flags/FeatureFlags.java,265,1,265,21,
Lcom/android/appsearch/flags/FeatureFlags;->enableStrictPageByteSizeLimit()Z,out/soong/.intermediates/packages/modules/AppSearch/flags/appsearch_flags_java_lib/android_common/javac/srcjars/com/android/appsearch/flags/FeatureFlags.java,269,1,269,21,
Lcom/android/appsearch/flags/FeatureFlags;->enableThrowExceptionForNativeNotFoundPageToken()Z,out/soong/.intermediates/packages/modules/AppSearch/flags/appsearch_flags_java_lib/android_common/javac/srcjars/com/android/appsearch/flags/FeatureFlags.java,273,1,273,21,
Lcom/android/appsearch/flags/FeatureFlagsImpl;->appOpenEventIndexerEnabled()Z,out/soong/.intermediates/packages/modules/AppSearch/flags/appsearch_flags_java_lib/android_common/javac/srcjars/com/android/appsearch/flags/FeatureFlagsImpl.java,8,1,8,21,
Lcom/android/appsearch/flags/FeatureFlagsImpl;->appsIndexerEnabled()Z,out/soong/.intermediates/packages/modules/AppSearch/flags/appsearch_flags_java_lib/android_common/javac/srcjars/com/android/appsearch/flags/FeatureFlagsImpl.java,15,1,15,21,
Lcom/android/appsearch/flags/FeatureFlagsImpl;->enableAbstractSyntaxTrees()Z,out/soong/.intermediates/packages/modules/AppSearch/flags/appsearch_flags_java_lib/android_common/javac/srcjars/com/android/appsearch/flags/FeatureFlagsImpl.java,22,1,22,21,
Lcom/android/appsearch/flags/FeatureFlagsImpl;->enableAdditionalBuilderCopyConstructors()Z,out/soong/.intermediates/packages/modules/AppSearch/flags/appsearch_flags_java_lib/android_common/javac/srcjars/com/android/appsearch/flags/FeatureFlagsImpl.java,29,1,29,21,
Lcom/android/appsearch/flags/FeatureFlagsImpl;->enableAllPackageIndexingOnIndexerUpdate()Z,out/soong/.intermediates/packages/modules/AppSearch/flags/appsearch_flags_java_lib/android_common/javac/srcjars/com/android/appsearch/flags/FeatureFlagsImpl.java,36,1,36,21,
Lcom/android/appsearch/flags/FeatureFlagsImpl;->enableAppFunctionsSchemaParser()Z,out/soong/.intermediates/packages/modules/AppSearch/flags/appsearch_flags_java_lib/android_common/javac/srcjars/com/android/appsearch/flags/FeatureFlagsImpl.java,43,1,43,21,
Lcom/android/appsearch/flags/FeatureFlagsImpl;->enableAppOpenEventsIndexerCheckPriorAttempt()Z,out/soong/.intermediates/packages/modules/AppSearch/flags/appsearch_flags_java_lib/android_common/javac/srcjars/com/android/appsearch/flags/FeatureFlagsImpl.java,50,1,50,21,
Lcom/android/appsearch/flags/FeatureFlagsImpl;->enableAppSearchManageBlobFiles()Z,out/soong/.intermediates/packages/modules/AppSearch/flags/appsearch_flags_java_lib/android_common/javac/srcjars/com/android/appsearch/flags/FeatureFlagsImpl.java,57,1,57,21,
Lcom/android/appsearch/flags/FeatureFlagsImpl;->enableAppsIndexerCheckPriorAttempt()Z,out/soong/.intermediates/packages/modules/AppSearch/flags/appsearch_flags_java_lib/android_common/javac/srcjars/com/android/appsearch/flags/FeatureFlagsImpl.java,64,1,64,21,
Lcom/android/appsearch/flags/FeatureFlagsImpl;->enableAppsIndexerIncrementalPut()Z,out/soong/.intermediates/packages/modules/AppSearch/flags/appsearch_flags_java_lib/android_common/javac/srcjars/com/android/appsearch/flags/FeatureFlagsImpl.java,71,1,71,21,
Lcom/android/appsearch/flags/FeatureFlagsImpl;->enableBatchGet()Z,out/soong/.intermediates/packages/modules/AppSearch/flags/appsearch_flags_java_lib/android_common/javac/srcjars/com/android/appsearch/flags/FeatureFlagsImpl.java,78,1,78,21,
Lcom/android/appsearch/flags/FeatureFlagsImpl;->enableBatchPut()Z,out/soong/.intermediates/packages/modules/AppSearch/flags/appsearch_flags_java_lib/android_common/javac/srcjars/com/android/appsearch/flags/FeatureFlagsImpl.java,85,1,85,21,
Lcom/android/appsearch/flags/FeatureFlagsImpl;->enableBatchPutVisibilityDocuments()Z,out/soong/.intermediates/packages/modules/AppSearch/flags/appsearch_flags_java_lib/android_common/javac/srcjars/com/android/appsearch/flags/FeatureFlagsImpl.java,92,1,92,21,
Lcom/android/appsearch/flags/FeatureFlagsImpl;->enableBlobStore()Z,out/soong/.intermediates/packages/modules/AppSearch/flags/appsearch_flags_java_lib/android_common/javac/srcjars/com/android/appsearch/flags/FeatureFlagsImpl.java,99,1,99,21,
Lcom/android/appsearch/flags/FeatureFlagsImpl;->enableCalculateTimeSinceLastAttemptedOptimize()Z,out/soong/.intermediates/packages/modules/AppSearch/flags/appsearch_flags_java_lib/android_common/javac/srcjars/com/android/appsearch/flags/FeatureFlagsImpl.java,106,1,106,21,
Lcom/android/appsearch/flags/FeatureFlagsImpl;->enableCheckContactsIndexerDeltaTimestamps()Z,out/soong/.intermediates/packages/modules/AppSearch/flags/appsearch_flags_java_lib/android_common/javac/srcjars/com/android/appsearch/flags/FeatureFlagsImpl.java,113,1,113,21,
Lcom/android/appsearch/flags/FeatureFlagsImpl;->enableCheckContactsIndexerUpdateJobParams()Z,out/soong/.intermediates/packages/modules/AppSearch/flags/appsearch_flags_java_lib/android_common/javac/srcjars/com/android/appsearch/flags/FeatureFlagsImpl.java,120,1,120,21,
Lcom/android/appsearch/flags/FeatureFlagsImpl;->enableCompressionMemLevelOne()Z,out/soong/.intermediates/packages/modules/AppSearch/flags/appsearch_flags_java_lib/android_common/javac/srcjars/com/android/appsearch/flags/FeatureFlagsImpl.java,127,1,127,21,
Lcom/android/appsearch/flags/FeatureFlagsImpl;->enableCompressionThreshold()Z,out/soong/.intermediates/packages/modules/AppSearch/flags/appsearch_flags_java_lib/android_common/javac/srcjars/com/android/appsearch/flags/FeatureFlagsImpl.java,134,1,134,21,
Lcom/android/appsearch/flags/FeatureFlagsImpl;->enableContactsIndexFirstMiddleAndLastNames()Z,out/soong/.intermediates/packages/modules/AppSearch/flags/appsearch_flags_java_lib/android_common/javac/srcjars/com/android/appsearch/flags/FeatureFlagsImpl.java,141,1,141,21,
Lcom/android/appsearch/flags/FeatureFlagsImpl;->enableDatabaseScopedSchemaOperations()Z,out/soong/.intermediates/packages/modules/AppSearch/flags/appsearch_flags_java_lib/android_common/javac/srcjars/com/android/appsearch/flags/FeatureFlagsImpl.java,148,1,148,21,
Lcom/android/appsearch/flags/FeatureFlagsImpl;->enableDeletePropagationType()Z,out/soong/.intermediates/packages/modules/AppSearch/flags/appsearch_flags_java_lib/android_common/javac/srcjars/com/android/appsearch/flags/FeatureFlagsImpl.java,155,1,155,21,
Lcom/android/appsearch/flags/FeatureFlagsImpl;->enableDocumentLimiterReplaceTracking()Z,out/soong/.intermediates/packages/modules/AppSearch/flags/appsearch_flags_java_lib/android_common/javac/srcjars/com/android/appsearch/flags/FeatureFlagsImpl.java,162,1,162,21,
Lcom/android/appsearch/flags/FeatureFlagsImpl;->enableEmbeddingMatchInfo()Z,out/soong/.intermediates/packages/modules/AppSearch/flags/appsearch_flags_java_lib/android_common/javac/srcjars/com/android/appsearch/flags/FeatureFlagsImpl.java,169,1,169,21,
Lcom/android/appsearch/flags/FeatureFlagsImpl;->enableEnterpriseEmptyBatchResultFix()Z,out/soong/.intermediates/packages/modules/AppSearch/flags/appsearch_flags_java_lib/android_common/javac/srcjars/com/android/appsearch/flags/FeatureFlagsImpl.java,176,1,176,21,
Lcom/android/appsearch/flags/FeatureFlagsImpl;->enableEnterpriseGlobalSearchSession()Z,out/soong/.intermediates/packages/modules/AppSearch/flags/appsearch_flags_java_lib/android_common/javac/srcjars/com/android/appsearch/flags/FeatureFlagsImpl.java,183,1,183,21,
Lcom/android/appsearch/flags/FeatureFlagsImpl;->enableEnterpriseVisibleToConfig()Z,out/soong/.intermediates/packages/modules/AppSearch/flags/appsearch_flags_java_lib/android_common/javac/srcjars/com/android/appsearch/flags/FeatureFlagsImpl.java,190,1,190,21,
Lcom/android/appsearch/flags/FeatureFlagsImpl;->enableFourHourMinTimeOptimizeThreshold()Z,out/soong/.intermediates/packages/modules/AppSearch/flags/appsearch_flags_java_lib/android_common/javac/srcjars/com/android/appsearch/flags/FeatureFlagsImpl.java,197,1,197,21,
Lcom/android/appsearch/flags/FeatureFlagsImpl;->enableGenericDocumentBuilderHiddenMethods()Z,out/soong/.intermediates/packages/modules/AppSearch/flags/appsearch_flags_java_lib/android_common/javac/srcjars/com/android/appsearch/flags/FeatureFlagsImpl.java,204,1,204,21,
Lcom/android/appsearch/flags/FeatureFlagsImpl;->enableGenericDocumentCopyConstructor()Z,out/soong/.intermediates/packages/modules/AppSearch/flags/appsearch_flags_java_lib/android_common/javac/srcjars/com/android/appsearch/flags/FeatureFlagsImpl.java,211,1,211,21,
Lcom/android/appsearch/flags/FeatureFlagsImpl;->enableGenericDocumentOverIpc()Z,out/soong/.intermediates/packages/modules/AppSearch/flags/appsearch_flags_java_lib/android_common/javac/srcjars/com/android/appsearch/flags/FeatureFlagsImpl.java,218,1,218,21,
Lcom/android/appsearch/flags/FeatureFlagsImpl;->enableGetParentTypesAndIndexableNestedProperties()Z,out/soong/.intermediates/packages/modules/AppSearch/flags/appsearch_flags_java_lib/android_common/javac/srcjars/com/android/appsearch/flags/FeatureFlagsImpl.java,225,1,225,21,
Lcom/android/appsearch/flags/FeatureFlagsImpl;->enableGroupingTypePerSchema()Z,out/soong/.intermediates/packages/modules/AppSearch/flags/appsearch_flags_java_lib/android_common/javac/srcjars/com/android/appsearch/flags/FeatureFlagsImpl.java,232,1,232,21,
Lcom/android/appsearch/flags/FeatureFlagsImpl;->enableIndexerRunOnAppFunctionComponentChange()Z,out/soong/.intermediates/packages/modules/AppSearch/flags/appsearch_flags_java_lib/android_common/javac/srcjars/com/android/appsearch/flags/FeatureFlagsImpl.java,239,1,239,21,
Lcom/android/appsearch/flags/FeatureFlagsImpl;->enableIndexerRunOnOtaUpdate()Z,out/soong/.intermediates/packages/modules/AppSearch/flags/appsearch_flags_java_lib/android_common/javac/srcjars/com/android/appsearch/flags/FeatureFlagsImpl.java,246,1,246,21,
Lcom/android/appsearch/flags/FeatureFlagsImpl;->enableInformationalRankingExpressions()Z,out/soong/.intermediates/packages/modules/AppSearch/flags/appsearch_flags_java_lib/android_common/javac/srcjars/com/android/appsearch/flags/FeatureFlagsImpl.java,253,1,253,21,
Lcom/android/appsearch/flags/FeatureFlagsImpl;->enableInitializationRetriesBeforeReset()Z,out/soong/.intermediates/packages/modules/AppSearch/flags/appsearch_flags_java_lib/android_common/javac/srcjars/com/android/appsearch/flags/FeatureFlagsImpl.java,260,1,260,21,
Lcom/android/appsearch/flags/FeatureFlagsImpl;->enableIsolatedStorage()Z,out/soong/.intermediates/packages/modules/AppSearch/flags/appsearch_flags_java_lib/android_common/javac/srcjars/com/android/appsearch/flags/FeatureFlagsImpl.java,267,1,267,21,
Lcom/android/appsearch/flags/FeatureFlagsImpl;->enableListFilterHasPropertyFunction()Z,out/soong/.intermediates/packages/modules/AppSearch/flags/appsearch_flags_java_lib/android_common/javac/srcjars/com/android/appsearch/flags/FeatureFlagsImpl.java,274,1,274,21,
Lcom/android/appsearch/flags/FeatureFlagsImpl;->enableListFilterMatchScoreExpressionFunction()Z,out/soong/.intermediates/packages/modules/AppSearch/flags/appsearch_flags_java_lib/android_common/javac/srcjars/com/android/appsearch/flags/FeatureFlagsImpl.java,281,1,281,21,
Lcom/android/appsearch/flags/FeatureFlagsImpl;->enableMarkerFileForOptimize()Z,out/soong/.intermediates/packages/modules/AppSearch/flags/appsearch_flags_java_lib/android_common/javac/srcjars/com/android/appsearch/flags/FeatureFlagsImpl.java,288,1,288,21,
Lcom/android/appsearch/flags/FeatureFlagsImpl;->enableNewOptimizeStrategyForActiveResultStates()Z,out/soong/.intermediates/packages/modules/AppSearch/flags/appsearch_flags_java_lib/android_common/javac/srcjars/com/android/appsearch/flags/FeatureFlagsImpl.java,295,1,295,21,
Lcom/android/appsearch/flags/FeatureFlagsImpl;->enablePutDocumentsRequestAddTakenActions()Z,out/soong/.intermediates/packages/modules/AppSearch/flags/appsearch_flags_java_lib/android_common/javac/srcjars/com/android/appsearch/flags/FeatureFlagsImpl.java,302,1,302,21,
Lcom/android/appsearch/flags/FeatureFlagsImpl;->enableQualifiedIdJoinIndexV3()Z,out/soong/.intermediates/packages/modules/AppSearch/flags/appsearch_flags_java_lib/android_common/javac/srcjars/com/android/appsearch/flags/FeatureFlagsImpl.java,309,1,309,21,
Lcom/android/appsearch/flags/FeatureFlagsImpl;->enableQueryVisibilityDocuments()Z,out/soong/.intermediates/packages/modules/AppSearch/flags/appsearch_flags_java_lib/android_common/javac/srcjars/com/android/appsearch/flags/FeatureFlagsImpl.java,316,1,316,21,
Lcom/android/appsearch/flags/FeatureFlagsImpl;->enableRecoveryProofPersistence()Z,out/soong/.intermediates/packages/modules/AppSearch/flags/appsearch_flags_java_lib/android_common/javac/srcjars/com/android/appsearch/flags/FeatureFlagsImpl.java,323,1,323,21,
Lcom/android/appsearch/flags/FeatureFlagsImpl;->enableReleaseBackupSchemaFileIfOverlayPresent()Z,out/soong/.intermediates/packages/modules/AppSearch/flags/appsearch_flags_java_lib/android_common/javac/srcjars/com/android/appsearch/flags/FeatureFlagsImpl.java,330,1,330,21,
Lcom/android/appsearch/flags/FeatureFlagsImpl;->enableResultAborted()Z,out/soong/.intermediates/packages/modules/AppSearch/flags/appsearch_flags_java_lib/android_common/javac/srcjars/com/android/appsearch/flags/FeatureFlagsImpl.java,337,1,337,21,
Lcom/android/appsearch/flags/FeatureFlagsImpl;->enableResultAlreadyExists()Z,out/soong/.intermediates/packages/modules/AppSearch/flags/appsearch_flags_java_lib/android_common/javac/srcjars/com/android/appsearch/flags/FeatureFlagsImpl.java,344,1,344,21,
Lcom/android/appsearch/flags/FeatureFlagsImpl;->enableResultDeniedAndResultRateLimited()Z,out/soong/.intermediates/packages/modules/AppSearch/flags/appsearch_flags_java_lib/android_common/javac/srcjars/com/android/appsearch/flags/FeatureFlagsImpl.java,351,1,351,21,
Lcom/android/appsearch/flags/FeatureFlagsImpl;->enableSafeParcelable2()Z,out/soong/.intermediates/packages/modules/AppSearch/flags/appsearch_flags_java_lib/android_common/javac/srcjars/com/android/appsearch/flags/FeatureFlagsImpl.java,358,1,358,21,
Lcom/android/appsearch/flags/FeatureFlagsImpl;->enableSchemaDescription()Z,out/soong/.intermediates/packages/modules/AppSearch/flags/appsearch_flags_java_lib/android_common/javac/srcjars/com/android/appsearch/flags/FeatureFlagsImpl.java,365,1,365,21,
Lcom/android/appsearch/flags/FeatureFlagsImpl;->enableSchemaEmbeddingPropertyConfig()Z,out/soong/.intermediates/packages/modules/AppSearch/flags/appsearch_flags_java_lib/android_common/javac/srcjars/com/android/appsearch/flags/FeatureFlagsImpl.java,372,1,372,21,
Lcom/android/appsearch/flags/FeatureFlagsImpl;->enableSchemaEmbeddingQuantization()Z,out/soong/.intermediates/packages/modules/AppSearch/flags/appsearch_flags_java_lib/android_common/javac/srcjars/com/android/appsearch/flags/FeatureFlagsImpl.java,379,1,379,21,
Lcom/android/appsearch/flags/FeatureFlagsImpl;->enableScorableProperty()Z,out/soong/.intermediates/packages/modules/AppSearch/flags/appsearch_flags_java_lib/android_common/javac/srcjars/com/android/appsearch/flags/FeatureFlagsImpl.java,386,1,386,21,
Lcom/android/appsearch/flags/FeatureFlagsImpl;->enableSearchResultParentTypes()Z,out/soong/.intermediates/packages/modules/AppSearch/flags/appsearch_flags_java_lib/android_common/javac/srcjars/com/android/appsearch/flags/FeatureFlagsImpl.java,393,1,393,21,
Lcom/android/appsearch/flags/FeatureFlagsImpl;->enableSearchSpecFilterDocumentIds()Z,out/soong/.intermediates/packages/modules/AppSearch/flags/appsearch_flags_java_lib/android_common/javac/srcjars/com/android/appsearch/flags/FeatureFlagsImpl.java,400,1,400,21,
Lcom/android/appsearch/flags/FeatureFlagsImpl;->enableSearchSpecFilterProperties()Z,out/soong/.intermediates/packages/modules/AppSearch/flags/appsearch_flags_java_lib/android_common/javac/srcjars/com/android/appsearch/flags/FeatureFlagsImpl.java,407,1,407,21,
Lcom/android/appsearch/flags/FeatureFlagsImpl;->enableSearchSpecSearchStringParameters()Z,out/soong/.intermediates/packages/modules/AppSearch/flags/appsearch_flags_java_lib/android_common/javac/srcjars/com/android/appsearch/flags/FeatureFlagsImpl.java,414,1,414,21,
Lcom/android/appsearch/flags/FeatureFlagsImpl;->enableSearchSpecSetSearchSourceLogTag()Z,out/soong/.intermediates/packages/modules/AppSearch/flags/appsearch_flags_java_lib/android_common/javac/srcjars/com/android/appsearch/flags/FeatureFlagsImpl.java,421,1,421,21,
Lcom/android/appsearch/flags/FeatureFlagsImpl;->enableSetPubliclyVisibleSchema()Z,out/soong/.intermediates/packages/modules/AppSearch/flags/appsearch_flags_java_lib/android_common/javac/srcjars/com/android/appsearch/flags/FeatureFlagsImpl.java,428,1,428,21,
Lcom/android/appsearch/flags/FeatureFlagsImpl;->enableSetSchemaVisibleToConfigs()Z,out/soong/.intermediates/packages/modules/AppSearch/flags/appsearch_flags_java_lib/android_common/javac/srcjars/com/android/appsearch/flags/FeatureFlagsImpl.java,435,1,435,21,
Lcom/android/appsearch/flags/FeatureFlagsImpl;->enableSmallerDecompressionBufferSize()Z,out/soong/.intermediates/packages/modules/AppSearch/flags/appsearch_flags_java_lib/android_common/javac/srcjars/com/android/appsearch/flags/FeatureFlagsImpl.java,442,1,442,21,
Lcom/android/appsearch/flags/FeatureFlagsImpl;->enableSoftIndexRestoration()Z,out/soong/.intermediates/packages/modules/AppSearch/flags/appsearch_flags_java_lib/android_common/javac/srcjars/com/android/appsearch/flags/FeatureFlagsImpl.java,449,1,449,21,
Lcom/android/appsearch/flags/FeatureFlagsImpl;->enableStorageInfoCache()Z,out/soong/.intermediates/packages/modules/AppSearch/flags/appsearch_flags_java_lib/android_common/javac/srcjars/com/android/appsearch/flags/FeatureFlagsImpl.java,456,1,456,21,
Lcom/android/appsearch/flags/FeatureFlagsImpl;->enableStrictPageByteSizeLimit()Z,out/soong/.intermediates/packages/modules/AppSearch/flags/appsearch_flags_java_lib/android_common/javac/srcjars/com/android/appsearch/flags/FeatureFlagsImpl.java,463,1,463,21,
Lcom/android/appsearch/flags/FeatureFlagsImpl;->enableThrowExceptionForNativeNotFoundPageToken()Z,out/soong/.intermediates/packages/modules/AppSearch/flags/appsearch_flags_java_lib/android_common/javac/srcjars/com/android/appsearch/flags/FeatureFlagsImpl.java,470,1,470,21,
Lcom/android/appsearch/flags/Flags;->appOpenEventIndexerEnabled()Z,out/soong/.intermediates/packages/modules/AppSearch/flags/appsearch_flags_java_lib/android_common/javac/srcjars/com/android/appsearch/flags/Flags.java,142,57,142,77,
Lcom/android/appsearch/flags/Flags;->appsIndexerEnabled()Z,out/soong/.intermediates/packages/modules/AppSearch/flags/appsearch_flags_java_lib/android_common/javac/srcjars/com/android/appsearch/flags/Flags.java,148,57,148,77,
Lcom/android/appsearch/flags/Flags;->enableAbstractSyntaxTrees()Z,out/soong/.intermediates/packages/modules/AppSearch/flags/appsearch_flags_java_lib/android_common/javac/srcjars/com/android/appsearch/flags/Flags.java,154,57,154,77,
Lcom/android/appsearch/flags/Flags;->enableAdditionalBuilderCopyConstructors()Z,out/soong/.intermediates/packages/modules/AppSearch/flags/appsearch_flags_java_lib/android_common/javac/srcjars/com/android/appsearch/flags/Flags.java,160,57,160,77,
Lcom/android/appsearch/flags/Flags;->enableAllPackageIndexingOnIndexerUpdate()Z,out/soong/.intermediates/packages/modules/AppSearch/flags/appsearch_flags_java_lib/android_common/javac/srcjars/com/android/appsearch/flags/Flags.java,166,57,166,77,
Lcom/android/appsearch/flags/Flags;->enableAppFunctionsSchemaParser()Z,out/soong/.intermediates/packages/modules/AppSearch/flags/appsearch_flags_java_lib/android_common/javac/srcjars/com/android/appsearch/flags/Flags.java,172,57,172,77,
Lcom/android/appsearch/flags/Flags;->enableAppOpenEventsIndexerCheckPriorAttempt()Z,out/soong/.intermediates/packages/modules/AppSearch/flags/appsearch_flags_java_lib/android_common/javac/srcjars/com/android/appsearch/flags/Flags.java,178,57,178,77,
Lcom/android/appsearch/flags/Flags;->enableAppSearchManageBlobFiles()Z,out/soong/.intermediates/packages/modules/AppSearch/flags/appsearch_flags_java_lib/android_common/javac/srcjars/com/android/appsearch/flags/Flags.java,184,57,184,77,
Lcom/android/appsearch/flags/Flags;->enableAppsIndexerCheckPriorAttempt()Z,out/soong/.intermediates/packages/modules/AppSearch/flags/appsearch_flags_java_lib/android_common/javac/srcjars/com/android/appsearch/flags/Flags.java,190,57,190,77,
Lcom/android/appsearch/flags/Flags;->enableAppsIndexerIncrementalPut()Z,out/soong/.intermediates/packages/modules/AppSearch/flags/appsearch_flags_java_lib/android_common/javac/srcjars/com/android/appsearch/flags/Flags.java,196,57,196,77,
Lcom/android/appsearch/flags/Flags;->enableBatchGet()Z,out/soong/.intermediates/packages/modules/AppSearch/flags/appsearch_flags_java_lib/android_common/javac/srcjars/com/android/appsearch/flags/Flags.java,202,57,202,77,
Lcom/android/appsearch/flags/Flags;->enableBatchPut()Z,out/soong/.intermediates/packages/modules/AppSearch/flags/appsearch_flags_java_lib/android_common/javac/srcjars/com/android/appsearch/flags/Flags.java,208,57,208,77,
Lcom/android/appsearch/flags/Flags;->enableBatchPutVisibilityDocuments()Z,out/soong/.intermediates/packages/modules/AppSearch/flags/appsearch_flags_java_lib/android_common/javac/srcjars/com/android/appsearch/flags/Flags.java,214,57,214,77,
Lcom/android/appsearch/flags/Flags;->enableBlobStore()Z,out/soong/.intermediates/packages/modules/AppSearch/flags/appsearch_flags_java_lib/android_common/javac/srcjars/com/android/appsearch/flags/Flags.java,220,57,220,77,
Lcom/android/appsearch/flags/Flags;->enableCalculateTimeSinceLastAttemptedOptimize()Z,out/soong/.intermediates/packages/modules/AppSearch/flags/appsearch_flags_java_lib/android_common/javac/srcjars/com/android/appsearch/flags/Flags.java,226,57,226,77,
Lcom/android/appsearch/flags/Flags;->enableCheckContactsIndexerDeltaTimestamps()Z,out/soong/.intermediates/packages/modules/AppSearch/flags/appsearch_flags_java_lib/android_common/javac/srcjars/com/android/appsearch/flags/Flags.java,232,57,232,77,
Lcom/android/appsearch/flags/Flags;->enableCheckContactsIndexerUpdateJobParams()Z,out/soong/.intermediates/packages/modules/AppSearch/flags/appsearch_flags_java_lib/android_common/javac/srcjars/com/android/appsearch/flags/Flags.java,238,57,238,77,
Lcom/android/appsearch/flags/Flags;->enableCompressionMemLevelOne()Z,out/soong/.intermediates/packages/modules/AppSearch/flags/appsearch_flags_java_lib/android_common/javac/srcjars/com/android/appsearch/flags/Flags.java,244,57,244,77,
Lcom/android/appsearch/flags/Flags;->enableCompressionThreshold()Z,out/soong/.intermediates/packages/modules/AppSearch/flags/appsearch_flags_java_lib/android_common/javac/srcjars/com/android/appsearch/flags/Flags.java,250,57,250,77,
Lcom/android/appsearch/flags/Flags;->enableContactsIndexFirstMiddleAndLastNames()Z,out/soong/.intermediates/packages/modules/AppSearch/flags/appsearch_flags_java_lib/android_common/javac/srcjars/com/android/appsearch/flags/Flags.java,256,57,256,77,
Lcom/android/appsearch/flags/Flags;->enableDatabaseScopedSchemaOperations()Z,out/soong/.intermediates/packages/modules/AppSearch/flags/appsearch_flags_java_lib/android_common/javac/srcjars/com/android/appsearch/flags/Flags.java,262,57,262,77,
Lcom/android/appsearch/flags/Flags;->enableDeletePropagationType()Z,out/soong/.intermediates/packages/modules/AppSearch/flags/appsearch_flags_java_lib/android_common/javac/srcjars/com/android/appsearch/flags/Flags.java,268,57,268,77,
Lcom/android/appsearch/flags/Flags;->enableDocumentLimiterReplaceTracking()Z,out/soong/.intermediates/packages/modules/AppSearch/flags/appsearch_flags_java_lib/android_common/javac/srcjars/com/android/appsearch/flags/Flags.java,274,57,274,77,
Lcom/android/appsearch/flags/Flags;->enableEmbeddingMatchInfo()Z,out/soong/.intermediates/packages/modules/AppSearch/flags/appsearch_flags_java_lib/android_common/javac/srcjars/com/android/appsearch/flags/Flags.java,280,57,280,77,
Lcom/android/appsearch/flags/Flags;->enableEnterpriseEmptyBatchResultFix()Z,out/soong/.intermediates/packages/modules/AppSearch/flags/appsearch_flags_java_lib/android_common/javac/srcjars/com/android/appsearch/flags/Flags.java,286,57,286,77,
Lcom/android/appsearch/flags/Flags;->enableEnterpriseGlobalSearchSession()Z,out/soong/.intermediates/packages/modules/AppSearch/flags/appsearch_flags_java_lib/android_common/javac/srcjars/com/android/appsearch/flags/Flags.java,292,57,292,77,
Lcom/android/appsearch/flags/Flags;->enableEnterpriseVisibleToConfig()Z,out/soong/.intermediates/packages/modules/AppSearch/flags/appsearch_flags_java_lib/android_common/javac/srcjars/com/android/appsearch/flags/Flags.java,298,57,298,77,
Lcom/android/appsearch/flags/Flags;->enableFourHourMinTimeOptimizeThreshold()Z,out/soong/.intermediates/packages/modules/AppSearch/flags/appsearch_flags_java_lib/android_common/javac/srcjars/com/android/appsearch/flags/Flags.java,304,57,304,77,
Lcom/android/appsearch/flags/Flags;->enableGenericDocumentBuilderHiddenMethods()Z,out/soong/.intermediates/packages/modules/AppSearch/flags/appsearch_flags_java_lib/android_common/javac/srcjars/com/android/appsearch/flags/Flags.java,310,57,310,77,
Lcom/android/appsearch/flags/Flags;->enableGenericDocumentCopyConstructor()Z,out/soong/.intermediates/packages/modules/AppSearch/flags/appsearch_flags_java_lib/android_common/javac/srcjars/com/android/appsearch/flags/Flags.java,316,57,316,77,
Lcom/android/appsearch/flags/Flags;->enableGenericDocumentOverIpc()Z,out/soong/.intermediates/packages/modules/AppSearch/flags/appsearch_flags_java_lib/android_common/javac/srcjars/com/android/appsearch/flags/Flags.java,322,57,322,77,
Lcom/android/appsearch/flags/Flags;->enableGetParentTypesAndIndexableNestedProperties()Z,out/soong/.intermediates/packages/modules/AppSearch/flags/appsearch_flags_java_lib/android_common/javac/srcjars/com/android/appsearch/flags/Flags.java,328,57,328,77,
Lcom/android/appsearch/flags/Flags;->enableGroupingTypePerSchema()Z,out/soong/.intermediates/packages/modules/AppSearch/flags/appsearch_flags_java_lib/android_common/javac/srcjars/com/android/appsearch/flags/Flags.java,334,57,334,77,
Lcom/android/appsearch/flags/Flags;->enableIndexerRunOnAppFunctionComponentChange()Z,out/soong/.intermediates/packages/modules/AppSearch/flags/appsearch_flags_java_lib/android_common/javac/srcjars/com/android/appsearch/flags/Flags.java,340,57,340,77,
Lcom/android/appsearch/flags/Flags;->enableIndexerRunOnOtaUpdate()Z,out/soong/.intermediates/packages/modules/AppSearch/flags/appsearch_flags_java_lib/android_common/javac/srcjars/com/android/appsearch/flags/Flags.java,346,57,346,77,
Lcom/android/appsearch/flags/Flags;->enableInformationalRankingExpressions()Z,out/soong/.intermediates/packages/modules/AppSearch/flags/appsearch_flags_java_lib/android_common/javac/srcjars/com/android/appsearch/flags/Flags.java,352,57,352,77,
Lcom/android/appsearch/flags/Flags;->enableInitializationRetriesBeforeReset()Z,out/soong/.intermediates/packages/modules/AppSearch/flags/appsearch_flags_java_lib/android_common/javac/srcjars/com/android/appsearch/flags/Flags.java,358,57,358,77,
Lcom/android/appsearch/flags/Flags;->enableIsolatedStorage()Z,out/soong/.intermediates/packages/modules/AppSearch/flags/appsearch_flags_java_lib/android_common/javac/srcjars/com/android/appsearch/flags/Flags.java,364,57,364,77,
Lcom/android/appsearch/flags/Flags;->enableListFilterHasPropertyFunction()Z,out/soong/.intermediates/packages/modules/AppSearch/flags/appsearch_flags_java_lib/android_common/javac/srcjars/com/android/appsearch/flags/Flags.java,370,57,370,77,
Lcom/android/appsearch/flags/Flags;->enableListFilterMatchScoreExpressionFunction()Z,out/soong/.intermediates/packages/modules/AppSearch/flags/appsearch_flags_java_lib/android_common/javac/srcjars/com/android/appsearch/flags/Flags.java,376,57,376,77,
Lcom/android/appsearch/flags/Flags;->enableMarkerFileForOptimize()Z,out/soong/.intermediates/packages/modules/AppSearch/flags/appsearch_flags_java_lib/android_common/javac/srcjars/com/android/appsearch/flags/Flags.java,382,57,382,77,
Lcom/android/appsearch/flags/Flags;->enableNewOptimizeStrategyForActiveResultStates()Z,out/soong/.intermediates/packages/modules/AppSearch/flags/appsearch_flags_java_lib/android_common/javac/srcjars/com/android/appsearch/flags/Flags.java,388,57,388,77,
Lcom/android/appsearch/flags/Flags;->enablePutDocumentsRequestAddTakenActions()Z,out/soong/.intermediates/packages/modules/AppSearch/flags/appsearch_flags_java_lib/android_common/javac/srcjars/com/android/appsearch/flags/Flags.java,394,57,394,77,
Lcom/android/appsearch/flags/Flags;->enableQualifiedIdJoinIndexV3()Z,out/soong/.intermediates/packages/modules/AppSearch/flags/appsearch_flags_java_lib/android_common/javac/srcjars/com/android/appsearch/flags/Flags.java,400,57,400,77,
Lcom/android/appsearch/flags/Flags;->enableQueryVisibilityDocuments()Z,out/soong/.intermediates/packages/modules/AppSearch/flags/appsearch_flags_java_lib/android_common/javac/srcjars/com/android/appsearch/flags/Flags.java,406,57,406,77,
Lcom/android/appsearch/flags/Flags;->enableRecoveryProofPersistence()Z,out/soong/.intermediates/packages/modules/AppSearch/flags/appsearch_flags_java_lib/android_common/javac/srcjars/com/android/appsearch/flags/Flags.java,412,57,412,77,
Lcom/android/appsearch/flags/Flags;->enableReleaseBackupSchemaFileIfOverlayPresent()Z,out/soong/.intermediates/packages/modules/AppSearch/flags/appsearch_flags_java_lib/android_common/javac/srcjars/com/android/appsearch/flags/Flags.java,418,57,418,77,
Lcom/android/appsearch/flags/Flags;->enableResultAborted()Z,out/soong/.intermediates/packages/modules/AppSearch/flags/appsearch_flags_java_lib/android_common/javac/srcjars/com/android/appsearch/flags/Flags.java,424,57,424,77,
Lcom/android/appsearch/flags/Flags;->enableResultAlreadyExists()Z,out/soong/.intermediates/packages/modules/AppSearch/flags/appsearch_flags_java_lib/android_common/javac/srcjars/com/android/appsearch/flags/Flags.java,430,57,430,77,
Lcom/android/appsearch/flags/Flags;->enableResultDeniedAndResultRateLimited()Z,out/soong/.intermediates/packages/modules/AppSearch/flags/appsearch_flags_java_lib/android_common/javac/srcjars/com/android/appsearch/flags/Flags.java,436,57,436,77,
Lcom/android/appsearch/flags/Flags;->enableSafeParcelable2()Z,out/soong/.intermediates/packages/modules/AppSearch/flags/appsearch_flags_java_lib/android_common/javac/srcjars/com/android/appsearch/flags/Flags.java,442,57,442,77,
Lcom/android/appsearch/flags/Flags;->enableSchemaDescription()Z,out/soong/.intermediates/packages/modules/AppSearch/flags/appsearch_flags_java_lib/android_common/javac/srcjars/com/android/appsearch/flags/Flags.java,448,57,448,77,
Lcom/android/appsearch/flags/Flags;->enableSchemaEmbeddingPropertyConfig()Z,out/soong/.intermediates/packages/modules/AppSearch/flags/appsearch_flags_java_lib/android_common/javac/srcjars/com/android/appsearch/flags/Flags.java,454,57,454,77,
Lcom/android/appsearch/flags/Flags;->enableSchemaEmbeddingQuantization()Z,out/soong/.intermediates/packages/modules/AppSearch/flags/appsearch_flags_java_lib/android_common/javac/srcjars/com/android/appsearch/flags/Flags.java,460,57,460,77,
Lcom/android/appsearch/flags/Flags;->enableScorableProperty()Z,out/soong/.intermediates/packages/modules/AppSearch/flags/appsearch_flags_java_lib/android_common/javac/srcjars/com/android/appsearch/flags/Flags.java,466,57,466,77,
Lcom/android/appsearch/flags/Flags;->enableSearchResultParentTypes()Z,out/soong/.intermediates/packages/modules/AppSearch/flags/appsearch_flags_java_lib/android_common/javac/srcjars/com/android/appsearch/flags/Flags.java,472,57,472,77,
Lcom/android/appsearch/flags/Flags;->enableSearchSpecFilterDocumentIds()Z,out/soong/.intermediates/packages/modules/AppSearch/flags/appsearch_flags_java_lib/android_common/javac/srcjars/com/android/appsearch/flags/Flags.java,478,57,478,77,
Lcom/android/appsearch/flags/Flags;->enableSearchSpecFilterProperties()Z,out/soong/.intermediates/packages/modules/AppSearch/flags/appsearch_flags_java_lib/android_common/javac/srcjars/com/android/appsearch/flags/Flags.java,484,57,484,77,
Lcom/android/appsearch/flags/Flags;->enableSearchSpecSearchStringParameters()Z,out/soong/.intermediates/packages/modules/AppSearch/flags/appsearch_flags_java_lib/android_common/javac/srcjars/com/android/appsearch/flags/Flags.java,490,57,490,77,
Lcom/android/appsearch/flags/Flags;->enableSearchSpecSetSearchSourceLogTag()Z,out/soong/.intermediates/packages/modules/AppSearch/flags/appsearch_flags_java_lib/android_common/javac/srcjars/com/android/appsearch/flags/Flags.java,496,57,496,77,
Lcom/android/appsearch/flags/Flags;->enableSetPubliclyVisibleSchema()Z,out/soong/.intermediates/packages/modules/AppSearch/flags/appsearch_flags_java_lib/android_common/javac/srcjars/com/android/appsearch/flags/Flags.java,502,57,502,77,
Lcom/android/appsearch/flags/Flags;->enableSetSchemaVisibleToConfigs()Z,out/soong/.intermediates/packages/modules/AppSearch/flags/appsearch_flags_java_lib/android_common/javac/srcjars/com/android/appsearch/flags/Flags.java,508,57,508,77,
Lcom/android/appsearch/flags/Flags;->enableSmallerDecompressionBufferSize()Z,out/soong/.intermediates/packages/modules/AppSearch/flags/appsearch_flags_java_lib/android_common/javac/srcjars/com/android/appsearch/flags/Flags.java,514,57,514,77,
Lcom/android/appsearch/flags/Flags;->enableSoftIndexRestoration()Z,out/soong/.intermediates/packages/modules/AppSearch/flags/appsearch_flags_java_lib/android_common/javac/srcjars/com/android/appsearch/flags/Flags.java,520,57,520,77,
Lcom/android/appsearch/flags/Flags;->enableStorageInfoCache()Z,out/soong/.intermediates/packages/modules/AppSearch/flags/appsearch_flags_java_lib/android_common/javac/srcjars/com/android/appsearch/flags/Flags.java,526,57,526,77,
Lcom/android/appsearch/flags/Flags;->enableStrictPageByteSizeLimit()Z,out/soong/.intermediates/packages/modules/AppSearch/flags/appsearch_flags_java_lib/android_common/javac/srcjars/com/android/appsearch/flags/Flags.java,532,57,532,77,
Lcom/android/appsearch/flags/Flags;->enableThrowExceptionForNativeNotFoundPageToken()Z,out/soong/.intermediates/packages/modules/AppSearch/flags/appsearch_flags_java_lib/android_common/javac/srcjars/com/android/appsearch/flags/Flags.java,538,57,538,77,
Lcom/android/internal/util/Preconditions;->checkArgument(Z)V,frameworks/libs/modules-utils/java/com/android/internal/util/Preconditions.java,46,5,46,25,
Lcom/android/internal/util/Preconditions;->checkArgument(ZLjava/lang/Object;)V,frameworks/libs/modules-utils/java/com/android/internal/util/Preconditions.java,61,5,61,88,maxTargetSdk=30&trackingBug=170729553L
Lcom/android/internal/util/Preconditions;->checkNotNull(Ljava/lang/Object;)Ljava/lang/Object;,frameworks/libs/modules-utils/java/com/android/internal/util/Preconditions.java,153,5,153,25,
Lcom/android/internal/util/Preconditions;->checkNotNull(Ljava/lang/Object;Ljava/lang/Object;)Ljava/lang/Object;,frameworks/libs/modules-utils/java/com/android/internal/util/Preconditions.java,173,5,173,25,
Lcom/android/internal/util/Preconditions;->checkState(Z)V,frameworks/libs/modules-utils/java/com/android/internal/util/Preconditions.java,210,5,210,25,
Lcom/android/internal/util/Preconditions;->checkState(ZLjava/lang/String;)V,frameworks/libs/modules-utils/java/com/android/internal/util/Preconditions.java,224,5,224,88,maxTargetSdk=30&trackingBug=170729553L
Lcom/android/internal/util/Preconditions;->checkArgumentInRange(IIILjava/lang/String;)I,frameworks/libs/modules-utils/java/com/android/internal/util/Preconditions.java,536,5,536,88,maxTargetSdk=30&trackingBug=170729553L
